{
    "materials":[{
        "depthWrite":true,
        "wireframe":false,
        "shading":"lambert",
        "DbgColor":15658734,
        "visible":true,
        "colorDiffuse":[0.14758,0.48306,0.8],
        "transparent":false,
        "DbgName":"Material.003",
        "opacity":1,
        "depthTest":true,
        "colorEmissive":[0,0,0],
        "DbgIndex":0,
        "blending":1,
        "doubleSided":false
    }],
    "faces":[35,5,12,11,6,0,0,0,0,0,35,7,0,44,45,0,1,1,1,1,35,6,11,9,2,0,2,2,2,2,35,0,7,8,1,0,3,3,3,3,35,1,8,12,5,0,4,4,4,4,35,46,3,10,47,0,5,5,5,5,34,3,15,29,0,6,6,6,34,29,13,4,0,7,7,7,34,4,2,9,0,8,8,8,34,9,10,3,0,9,9,9,34,3,29,4,0,10,10,10,34,4,9,3,0,11,11,11,35,50,4,13,51,0,12,12,12,12,34,44,0,1,0,13,13,13,34,44,1,5,0,14,14,14,34,2,4,50,0,14,14,14,34,44,5,6,0,13,13,13,34,6,2,50,0,14,14,14,34,6,50,44,0,15,15,15,35,3,46,70,15,0,16,16,16,16,35,29,76,51,13,0,15,15,15,15,34,12,8,7,0,16,16,16,34,49,10,9,0,17,17,17,34,49,9,11,0,18,18,18,34,12,7,48,0,19,19,19,34,49,11,12,0,18,18,18,34,48,49,12,0,20,20,20,35,20,21,26,27,0,21,21,21,21,35,68,14,22,69,0,22,22,22,22,35,21,17,24,26,0,23,23,23,23,35,14,16,23,22,0,3,3,3,3,35,16,20,27,23,0,24,24,24,24,35,71,72,25,18,0,25,25,25,25,34,29,15,18,0,26,26,26,34,18,25,24,0,27,27,27,34,24,17,19,0,28,28,28,34,19,28,29,0,29,29,29,34,29,18,24,0,30,30,30,34,24,19,29,0,31,31,31,35,75,77,28,19,0,32,32,32,32,34,16,14,68,0,14,14,14,34,75,19,17,0,13,13,13,34,75,17,21,0,14,14,14,34,20,16,68,0,14,14,14,34,75,21,20,0,13,13,13,34,68,75,20,0,33,33,33,35,18,15,70,71,0,34,34,34,34,35,29,28,77,76,0,15,15,15,15,34,22,23,27,0,19,19,19,34,26,24,25,0,16,16,16,34,73,22,27,0,18,18,18,34,26,25,74,0,19,19,19,34,73,27,26,0,18,18,18,34,26,74,73,0,35,35,35,35,35,36,41,42,0,36,36,36,36,35,44,30,37,45,0,1,1,1,1,35,36,32,39,41,0,37,37,37,37,35,30,31,38,37,0,38,38,38,38,35,31,35,42,38,0,4,4,4,4,35,46,47,40,33,0,39,39,39,39,34,67,53,33,0,38,38,38,34,33,40,39,0,40,40,40,34,39,32,34,0,41,41,41,34,34,43,67,0,41,41,41,34,67,33,39,0,42,42,42,34,39,34,67,0,42,42,42,35,50,51,43,34,0,43,43,43,43,34,31,30,44,0,33,33,33,34,50,34,32,0,13,13,13,34,50,32,36,0,33,33,33,34,35,31,44,0,13,13,13,34,50,36,35,0,13,13,13,34,44,50,35,0,14,14,14,35,33,53,70,46,0,16,16,16,16,35,67,43,51,76,0,44,44,44,44,34,37,38,42,0,16,16,16,34,41,39,40,0,16,16,16,34,48,37,42,0,16,16,16,34,41,40,49,0,16,16,16,34,48,42,41,0,16,16,16,34,41,49,48,0,18,18,18,35,58,65,64,59,0,45,45,45,45,35,68,69,60,52,0,22,22,22,22,35,59,64,62,55,0,46,46,46,46,35,52,60,61,54,0,42,42,42,42,35,54,61,65,58,0,47,47,47,47,35,71,56,63,72,0,25,25,25,25,34,56,53,67,0,42,42,42,34,67,66,57,0,38,38,38,34,57,55,62,0,48,48,48,34,62,63,56,0,49,49,49,34,56,67,57,0,50,50,50,34,57,62,56,0,51,51,51,35,75,57,66,77,0,32,32,32,32,34,68,52,54,0,13,13,13,34,68,54,58,0,33,33,33,34,55,57,75,0,33,33,33,34,68,58,59,0,13,13,13,34,59,55,75,0,13,13,13,34,59,75,68,0,33,33,33,35,56,71,70,53,0,18,18,18,18,35,67,76,77,66,0,52,52,52,52,34,65,61,60,0,16,16,16,34,74,63,62,0,20,20,20,34,74,62,64,0,16,16,16,34,65,60,73,0,16,16,16,34,74,64,65,0,16,16,16,34,73,74,65,0,35,35,35],
    "metadata":{
        "vertices":78,
        "type":"Geometry",
        "uvs":0,
        "materials":1,
        "version":3,
        "faces":108,
        "normals":53,
        "generator":"io_three"
    },
    "vertices":[215.5,0,19,215.5,0,17.5,215.5,0,9.50001,9.00002,0,8.00001,215.5,0,6.00001,215.5,3,17.5,215.5,3,9.50001,0,0,19,0,0,17.5,0,0,9.49997,0,0,6.50001,0,3,9.49999,0,3,17.5,224.5,0,7.50001,215.5,-0,-19,9.00002,0,-0,215.5,-0,-17.5,215.5,-0,-9.50001,9.00002,-0,-8.00001,215.5,-0,-6.00001,215.5,3,-17.5,215.5,3,-9.50001,0,-0,-19,0,-0,-17.5,0,-0,-9.49997,0,-0,-6.50001,0,3,-9.49999,0,3,-17.5,224.5,-0,-7.50001,224.5,0,-0,215.5,8,19,215.5,8,17.5,215.5,8,9.50001,9.00002,8,8.00001,215.5,8,6.00001,215.5,5,17.5,215.5,5,9.50001,0,8,19,0,8,17.5,0,8,9.49997,0,8,6.50001,0,5,9.49999,0,5,17.5,224.5,8,7.50001,215.5,4,19,0,4,19,9.00002,4,8.00001,0,4,6.50001,0,4,19,0,4,6.50001,215.5,4,6.00001,224.5,4,7.50001,215.5,8,-19,9.00002,8,-0,215.5,8,-17.5,215.5,8,-9.50001,9.00002,8,-8.00001,215.5,8,-6.00001,215.5,5,-17.5,215.5,5,-9.50001,0,8,-19,0,8,-17.5,0,8,-9.49997,0,8,-6.50001,0,5,-9.49999,0,5,-17.5,224.5,8,-7.50001,224.5,8,-0,215.5,4,-19,0,4,-19,9.00002,4,-0,9.00002,4,-8.00001,0,4,-6.50001,0,4,-19,0,4,-6.50001,215.5,4,-6.00001,224.5,4,-0,224.5,4,-7.50001],
    "uvs":[],
    "normals":[-0,-1,0,-0,0,1,-0,-0,1,0,-1,0,0,0,-1,0.1644,0,-0.98639,0,-1,0,-0,-1,0,-0,-1,0,-0,-1,0,0,-1,0,0,-1,0,-0.1644,0,0.98639,1,0,0,1,0,-0,1,0,0,-1,0,0,-1,0,-0,-1,0,-0,-1,-0,-0,-1,0,0,0,-1,0,-0,0,-1,-0,-0,-1,0,0,1,0.1644,0,0.98639,0,-1,0,0,-1,0,-0,-1,-0,0,-1,0,0,-1,-0,-0,-1,0,-0.1644,0,-0.98639,1,-0,0,-1,-0,0,-1,-0,0,0,1,-0,-0,0,1,-0,1,0,0.1644,0,-0.98639,-0,1,0,0,1,-0,0,1,0,-0.1644,0,0.98639,1,-0,0,-0,1,-0,-0,0,-1,0,0,1,-0,1,-0,-0,1,-0,0,1,-0,0,1,-0,1,0,-0]
}